timestamp,concept,puzzle,test_idx,effort,is_correct,err,tools_used,answer,summary,Rule_correct,rule_evaluation_reasoning,Rule,validated,file
2025-07-15T18:58:03,FilledNotFilled,FilledNotFilled1,2,low,0,parse:rows have unequal length,0,,"**Analyzing shape patterns**

I notice a magenta vertical segment in the fifth row. It might be helpful to deduce the rule from the shapes I've seen. In three training examples, I observe two colored shapes: a diamond and a plus. One color appears to rotate from left to right. Now, looking at the second pair, there's a yellow diamond on the left, an orange diamond top right, and a cyan plus on the bottom left. The right side shows the orange diamond moved. Let's clarify this further!
**Examining shape details**

In the third pair at the bottom, I see yellow, cyan, and burgundy shapes. There’s an extended yellow diagonal line. Each pair has three shapes with similar colors, and I wonder if the right side shows a different color order. I think the rule might involve one small shape being rotated as a plus. I'll define diamonds and plus shapes while remembering their orientations and consider the size changes in the pairs accurately. It seems I need to revisit specifics from the image to clarify my observations!
I'm analyzing the first pair of shapes. The left grid has a magenta diamond at the top center, but I’m uncertain if the right grid contains it. I need clarity on this. Typically, in tasks like this, shapes get rearranged to avoid overlap. I wonder if the rule involves sorting shapes by size along a diagonal. For the second pair, I recall yellow, orange, and blue shapes. The outer color swatches might indicate which shapes to focus on or ignore. This requires further inspection to confirm the details and rules!

Rule: unable to confidently determine transformation with given information",,"The Evaluated Rule does not provide enough information to determine if it captures the essence of the Ground Truth Rule, which specifies a particular condition regarding the color of the shape and its surroundings.",unable to confidently determine transformation with given information,0,FilledNotFilled.csv
2025-07-15T19:15:49,HorizontalVertical,HorizontalVertical2,3,low,0,parse:rows have unequal length,0,,"**Inferring transformation rules**

I need to figure out the transformation rules from the given image pairs. We have two pairs, starting with the first one. The left original looks like a grid with vertical red and green stripes separated by a black row. I think it might be around 10x10, with 6 columns of red and green stripes on the left. 

Now looking at the transformed grid, it’s mostly black with horizontal red and green stripes in the center, suggesting that the orientation was rotated 90 degrees and moved to the right.
**Extracting transformation rules**

I'm considering a rule that involves extracting the colored regions (non-black) and rearranging the stripes to be perpendicular while transposing the bounding box. In the original left image, there are vertical stripes of red and green forming six columns, with black columns afterward. The colored pattern might create an L-shape.

Now, looking at the second pair, the original has big yellow rectangles at the top and bottom, with cyan stripes in between. The transformation seems to keep only the most frequent colors. For example, on the left, colors used are yellow, cyan, blue, and magenta. But only yellow and cyan are kept in the right transformation, perhaps indicating a rule of preservation based on frequency. So, it seems the dominant colors are preserved, and I think I'm seeing that those are yellow and cyan.

Rule: Unable to determine the exact transformation rule with certainty from the provided examples.",,"The evaluated rule does not provide enough information to determine if it captures the essence of the ground truth rule, as it states an inability to determine the transformation rule with certainty.",Unable to determine the exact transformation rule with certainty from the provided examples.,0,HorizontalVertical.csv
2025-07-15T19:18:35,HorizontalVertical,HorizontalVertical7,3,low,0,parse:rows have unequal length,0,,"**Reassessing the image layout**

I'm noticing the stripe along the black frame within the grid. In the top right snippet, there's a red area on the leftmost column, followed by a black border, and then a cyan section. This suggests that the stripe starts at the outermost column. However, the original red pixels in that column are questionable. I’ve spotted that the red vertical stripe may actually serve as a UI separation line between the left and right panels, changing my understanding of the image's design.
**Introspecting pixel alignment**

I’m considering whether the pixels align to the center. In the bottom pair, the original has red pixels on each side. Typically, a Space Invader's eyes are white, suggesting two red squares might be separated. The transformation could involve moving the red eyes or replicating them. I see a thin red stripe in the bottom right, which likely belongs to the grid. It seems the transformation repeats red pixels based on their orientation, either horizontally or vertically, but I need to clarify where the original eyes are located.
**Analyzing pixel transformation rules**

Let’s closely examine the bottom right snippet. I noticed red squares across the top row. The left grid has a green shape with a black top row. If the top row changes to red, the eyes’ row might differ. To clarify, I think the transformation rule is that red pixels in a row or column expand, filling until they reach the black borders or shape edges. 

This means if there are two red pixels in a row, that row becomes fully red. For the middle shape, where there’s one red pixel, I wonder how to extend it. Maybe it should fill both horizontally and vertically? However, if there’s only one pixel, I can’t create a solid row. 

So, the dominant shape’s orientation might decide the transformation direction instead of the pixel alignment. Ultimately, I’m confirming red may fill rows or columns based on this rule.
**Finalizing grid visualization**

I’m trying to determine the layout of the second grid. The left border appears closer than the top or bottom borders due to the red eyes being offset vertically. The red pixel is likely near the top row, about two rows down. Since the nearest border is likely the top, I think this means the transformation will color the entire top row red.

For the grid representation, I’ll use a specified color code: black is 0, brown is 9, and red is 2. The grid seems to be about 15x15, with a maroon ring that likely forms an inner circle shape. While reconstructing, I can simplify the output to only show the transformation of the top row to red while leaving the rest intact. I can verify details before finalizing the grid.

Rule: Unable to determine the precise transformation rule with certainty from the provided examples",,"The evaluated rule states uncertainty in determining the transformation rule, which does not provide enough information to assess its correctness against the ground truth rule.",Unable to determine the precise transformation rule with certainty from the provided examples,0,HorizontalVertical.csv
2025-07-15T20:03:49,InsideOutside,InsideOutside4,2,low,0,parse:rows have unequal length,0,,"**Examining color indices and grids**

I need to understand 10 color indices: black, blue, red, green, yellow, gray, magenta, orange, cyan, and brown. We have four example pairs to examine visually. 

In the first pair, the left grid features concentric squares with an outer blue ring, a middle green, a black inner section, and a magenta center. The right grid seems similar, suggesting the two grids might just be rotated around the central magenta cell, since they appear to have the same color arrangement despite potential different positions.
**Analyzing color transformations**

I think the rule might be to move the magenta pixel to the center of its colored structure. In Pair 2, the left grid has a red plus with a yellow square and black center, while the magenta pixel is to the right of the yellow. The right grid appears the same but without the magenta. 

In Pair 3, both grids have a triangle with a green frame and an orange diagonal, and the magenta pixel stays in the same position. It looks like only in Pair 2 is the magenta removed, likely because it's not enclosed by the red border. So maybe the transformation rule is about removing less frequent colors. I need to analyze how shapes change across the pairs too.
**Identifying color rules and transformations**

I’m analyzing color sets in pairs. In each, there are two non-black colors and a magenta pixel, plus a black background. I notice that the colors in the right pair often swap positions. 

For instance, in Pair 1, the outer color is blue while the inner is green. But when I look closer, they may not actually be swapped. Pair 3 shows similar colors—green and orange appear to remain constant. 

It seems like the transformation might not just be about swapping colors. Instead, it could relate to ensuring magenta is centered or observing whether any colors are outside their shapes' contour, especially in Pair 2, where magenta is outside. Ultimately, the likely rule is to remove any color outside its bounding shape.
**Determining magenta's position**

I think I'm working toward a rule where the magenta pixel moves to the centroid of its bounding frame. In evaluating the grids, magenta is currently at the bottom-right. 

For Pair 1, magenta is already centered, so it stays put. In Pair 2, it's not centered, so I should try moving it into the central area. For Pair 3, the frame is rectangular, and I’ll check if magenta falls near the center. In the last pair, the frame might be incomplete. Thus, it looks like I need to place magenta at the centroid of the outer shape, but calculating that precisely feels a bit complicated.

Rule: Unable to determine rule from given examples.",,"The evaluated rule does not provide enough information to determine if it aligns with the ground truth rule, as it states an inability to determine the rule from given examples.",Unable to determine rule from given examples.,0,InsideOutside.csv
2025-07-15T20:17:14,MoveToBoundary,MoveToBoundary7,3,low,0,parse:rows have unequal length,0,,"**Interpreting images carefully**

I'm starting with the first image and zooming in mentally. In the top-left area, there seem to be two grids. The left shows a small green square ring, possibly a 3x3 size, surrounded by black, while next to it is a larger red square ring. On the right side of the image, it looks like these rings have been transformed to be closer together, maybe overlapping. The green ring has shifted right into the red ring's area. I'm estimating the grid dimensions, perhaps around 20x10, but I'm uncertain.
**Analyzing transformations carefully**

In the right transformation, the green ring shifts horizontally to align more towards the center. The red ring seems unchanged. It looks like the rule could be to move colored objects so they touch or align with other shapes. 

In the bottom images, a large yellow square remains while a smaller yellow square shifts down to touch it, suggesting another rule: move smaller parts to center above a larger same-colored object. Similarly, the top images show the green ring moving to align with the red one. Perhaps the rule is to fill gaps of larger shapes, depending on color alignment.
**Examining image transformations**

Let’s dive into the top images more closely. The original left grid is around 16 squares wide, with a small green ring (3x3) and a red ring (7x7) nearby. In the transformed grid, the green ring is now within the red ring’s border. Upon closer inspection, both rings appear to have shifted rightward to maintain a 1-pixel gap. My observation suggests the rule is to horizontally align shapes until they touch. 

In the lower images, the smaller yellow square moves down to connect with the larger yellow ring, indicating another rule: to vertically compress gaps between same-colored objects until they meet. The movement isn't about colors but rather about removing any obstruction between shapes, ensuring they touch.",,,,0,MoveToBoundary.csv
2025-07-15T20:22:29,MoveToBoundary,MoveToBoundary8,3,low,0,parse:rows have unequal length,0,,"**Analyzing transformations**

I'm trying to figure out the transformations based on the examples. In the first image, there are two pairs. The left grid shows a black background with some yellow blocks—maybe a horizontal line of four yellow squares—alongside a green vertical line. The output grid seems to shift this yellow line. 

It looks like while the yellow line stays in the same row, the output grid is narrower. I’m considering if this is an arc problem or if it involves cropping a minimal bounding box around colored objects. The transformation seems tricky!
**Examining grid transformations**

I’m considering whether the right grid is cropping to a bounding rectangle around the colored pattern. Looking closely, on the left side, the two grids show one larger, about 14x10, and the right one around 9x10. The output seems narrower, perhaps because empty columns or rows were removed until the colored objects touch the border, and maybe the vertical bar shifted.

The vertical green bar in the input is on the far right column, and it remains there in the output, suggesting it wasn’t trimmed from the right. The yellow horizontal bars appear to have changed orientation, and I need to zoom in for clarity.
**Analyzing grid pairs**

I think the top-left section has two grids side by side. The first screenshot shows a larger grid on the left and a smaller one on the right, which might be pairs stacked. It's hard to tell. Let's rely on the bottom pair instead. 

In the second pair, the bottom left has a red horizontal line near the top spanning several squares, and there's a blue line diagonally downward. In the output, the red line seems to shift slightly to the right. 

I'm wondering if the blue line continues downward but changes orientation—could the principle be to fill in a missing symmetrical line? It might involve identifying the two colors and aligning them to the edges. Let's examine the bottom pair more closely. The red line starts in column 2 and goes close to column 18, but it reaches the right border in the output. The blue diagonal might have shifted as well.
**Analyzing output transformations**

In the output on the bottom right, the red line seems shifted to the right, suggesting that they might have trimmed blank columns on the left side. The red line starts at the first visible pixel, possibly after cropping a minimal bounding rectangle around the red and cyan elements.

If the red line begins around column 3 in the input, the cropping would likely start at column 2, yet the output appears narrower. This transformation seems to involve cropping around non-black pixels and removing empty borders. I’ll check the top pair to confirm this transformation. In the top left input, there’s a yellow horizontal line near the left side but not exactly in the first column, and the green vertical line is on the far right.
**Exploring cropping and shapes**

If I crop a bounding rectangle around all the colored cells, it would span from the minimum column of the yellow to the maximum column of the green. This might reduce extra blank rows at the top and bottom, and while the output grid seems narrower horizontally, it appears to be the same height. 

I should check if I'm right—if cropping retains height but trims vertically. There's an alternative approach too: I could swap the orientations to overlap the two colored shapes, perhaps merging them into an L-shape. 

In the second grid, there’s a gray vertical bar in the leftmost column across rows 0 to 4, with yellow squares following a diagonal pattern starting around row 2, column 1.
**Exploring color reflection and patterns**

I'm noticing that the yellow square might actually be at (row 2, col 1), since col 0 is already gray. In the second grid, there’s a 5x1 gray column on the left side and the yellow is likely at (row 2, col 1). The goal appears to be replicating reflections like before, possibly with a horizontal red line and a blue diagonal to reflect across.

Now, stepping back to consider the pixel coordinates: In the bottom input grid, there's a long horizontal red line spanning about 10 cells, with cyan squares forming a diagonal moving upward. In the output, the red line remains, but the cyan pieces have shifted right, indicating a progression that might mimic a reflection. However, it doesn’t seem to align perfectly.
**Examining diagonal shifts and cropping**

Noting the difference, in the bottom left input, the cyan diagonal starts at the bottom left corner, around row 5, column 0, moving up-right through row 4, column 1, row 3, column 2, and row 2, column 3. In the output bottom right, it seems the diagonal starts around row 5, column 2, indicating it might have shifted right by 2 columns.

The red line appears similarly shifted right, which aligns with the idea of cropping leftmost blank columns. However, shifting right suggests that we inserted columns on the left. It's interesting to consider that cropping leftmost spaces would naturally shift objects leftward, not right. The output shows the red line still looks the same, but seems positioned more to the right relative to the grid. I need to closely analyze the image to confirm—bottom left grid appears larger than the output, yet the two might actually have the same width; it’s just hard to tell.
**Analyzing grid transformations**

Looking at the bottom pair, the output on the right does seem to have a comparable width. It’s possible that the transformation reflects horizontally along a vertical axis, meaning the yellow horizontal line could shift to the right, while the green vertical remains on the right side. However, in the top pair, it seems the yellow might still be on the same side. 

When checking the top left input screenshot, the yellow line looks to be one row above the center, around row 3. I notice there’s a blank black row above, which adds to the complexity of the analysis.
**Examining grid relationships**

In the output's top right, the yellow horizontal row seems to start near the left border, but there are black columns before it. When I examine the pixel details, the green bar remains vertical in the rightmost column. The yellow squares, appearing in columns like 1, 3, and 5, are likely offset. It seems the goal might be to center these colored objects within the bounding box, ensuring they are equidistant from edges. 

Looking at the second grid, I notice a gray vertical bar in the top column, and the yellow squares create a diagonal pattern with steps of two rows and two columns.
**Identifying patterns in shapes**

I think there’s a connection to the earlier cyan diagonal shape, which had a step of one row up and two columns to the right. Analyzing from the bottom, I see the cyan squares at positions like (row 5, col 0) to (row 2, col 6), with a step of (-1 row, +2 col). The second grid has yellow squares that seem to follow a similar diagonal pattern. 

In the top pair, there's a yellow line that possibly follows a pattern of one cell, one gap. It looks like the transformation might rotate or translate these shapes to align with one another, maintaining a color-coded pattern. Looking at the top left, the yellow pattern seems to have gaps of three columns with a green vertical bar nearby.
**Analyzing shape transformations**

I’m considering the transformation needed to align the shapes. Specifically, it seems I should shift the leftmost colored part of each shape to enter a specific column, like column index 1. 

Looking at the examples, the red horizontal line in the input appears to start at column 1, while in the output, it seems to start at column 3. However, the leftmost red pixel might actually be at column 4 due to a black border.

It's tricky since there's still a thin margin in the grid, making it hard to identify shifts accurately. Perhaps the transformation rule should involve shifting everything one cell to the right, but I've noted there are separate examples here.
**Examining color interactions**

I'm looking at how colors interact in the examples. It seems like there's a rule to move the secondary colored shapes so they intersect or touch the primary ones. In the outputs, the yellow horizontal line intersects the green vertical line, potentially forming a T shape. 

In the top pair, it appears the yellow line moves to connect with the green vertical. For the bottom pair, I want to see if the cyan diagonal can touch the red horizontal. However, I’ve noted they don’t actually intersect based on their positioning in the input.
**Analyzing shape interactions**

In the bottom right output, it looks like the cyan shape has been shifted upward to intersect with the red line at its row. This reminds me of similar tasks, where smaller shapes shift until they touch larger ones. For the top pair, I’d move the horizontal yellow shape to the right so it touches the vertical green line. In the bottom pair, I'd shift the cyan diagonal toward the red horizontal. Inspecting the output closely, it seems the cyan square is inserted near the middle of the red line, confirming a touch.
**Evaluating shape positioning**

The cyan diagonal might be shifted up to touch the red line, or the red line could be extended instead. In the bottom right image, it seems the cyan square is at row 4 while the red line is at row 1. Upon zooming in, it looks like the cyan squares in the bottom left grid are located at rows 6, 5, 4, and 3. To touch the red line, the cyan square needs to shift up by two rows. However, in the output, the cyan square appears just below the red line, indicating they’re not touching yet.
**Analyzing shape alignment**

Looking closely, the bottom right image has a red line with a cyan square positioned diagonally below it, about two rows down. This feels a bit uncertain. I might reference the ARC dataset for a task about touching objects to borders. There’s also a rule about aligning shapes to the top-left corner while keeping their relative positions intact. For the top pair, it seems that after cropping, the leftmost shape aligns with column one. In the bottom, red and diagonal shapes still show black at the edges. I'll test cropping a bounding rectangle around all colored cells to see how that affects the shapes.
**Exploring bounding rectangles**

I’m visualizing the bounding rectangle as stretching from the minimum row of the red line to the maximum row of the cyan diagonal. The width would be determined from the columns of both red and cyan shapes. This setup might remove some empty rows at the top but not necessarily on the left side, since the red could start at column one but also have column zero as black. 

Looking at the bottom right image, it seems the red line begins in column zero, potentially free of blanks. However, I might have mistaken some black squares for grid lines. The red line appears to start in the second column, next to a black column. Cropping the shape could retain that black column, while the cyan diagonal may also stretch out to column zero.
**Analyzing shape boundaries**

It looks like the cyan shape starts quite low, likely at column zero, meaning the bounding rectangle includes that column. So cropping wouldn’t eliminate it. This maintains the red line, but the cropping doesn't help with alignment. 

Looking at the color arrangement, both pairs showcase a primary bright color (yellow or red) creating a horizontal line with a secondary color (green vertical or cyan diagonal). My thought is to extend the shorter lines until they touch the other shapes. For the top pair, the yellow horizontal, which might have gaps, could potentially be transformed into a continuous line as it reaches the green vertical. But upon closer inspection, the yellow seems to consist of three separate blocks, rather than forming a single contiguous line.
**Examining shape patterns**

I'm considering that the top right output might follow a similar pattern. I wonder if the rule is to swap the positions of the two shapes across the center vertical axis. In the top pair input, yellow is on the left and green on the right. But looking at the output, yellow is still to the left of green, so that doesn't align. 

Next, I'll try adding a column to the right of the left shape, bringing them closer together. 

Maybe the approach is to shift colored squares in each row to the right until the border of the first shape is just before the rightmost shape minus one black cell. However, shifting the diagonal shape in the bottom row complicates things.
**Transforming the second grid**

Now, I’m looking at the second grid, which has a gray vertical bar in column 0 spanning rows 0 to 4. Additionally, there are yellow diagonal squares placed downward to the right at positions like (row 2, col 1), (row 4, col 3), and (row 6, col 5). It seems the shapes are separate and not touching each other. 

To apply the rule effectively, I think I need to move the yellow diagonal squares closer so they make contact with the gray vertical bar.

Rule: Unable to confidently infer the exact transformation rule from the two example pairs.",,"The evaluated rule does not provide enough information to determine if it captures the essence of the ground truth rule, as it states an inability to infer the transformation.",Unable to confidently infer the exact transformation rule from the two example pairs.,0,MoveToBoundary.csv
2025-07-15T20:35:43,Order,Order4,3,low,0,parse:rows have unequal length,0,,"**Analyzing color patterns**

I'm observing the bottom right grid where the color order seems to have changed. The blocks alternate, which might create a symmetrical effect. On the bottom left, there's a wide yellow bar on the left, with small black squares inside. In the transformed version, the black column separators appear to be extended, but it looks like the holes have been removed. Now, the colors display a repeating pattern with vertical bars. I think a rule could be moving black pixels inside the colored areas to the nearest border to create consistent vertical separators.
**Examining color grid transformations**

I'm taking a closer look at the left grid, which has large vertical colored stripes. Yellow occupies the leftmost columns, with a black square at a specific coordinate. Following that, there are red and magenta stripes, each with their own black squares. The transformation seems to create vertical black columns separating these color stripes while removing holes within them. It looks like there’s a pattern extraction based on color frequency and arrangement. For the top right grid, it appears grey squares might have turned black, acting as separators. My hypothesis is focusing on detecting pixels of color under a threshold, treating them as holes within each block.
**Analyzing color transformations**

In the top left, I see grey rows and columns that could turn black, creating vertical separators and shifting the colored blocks. The blue block has some grey on its right, potentially trimming its area. The output on the top right then shows blue shifted to the rightmost position. Another rule could involve removing any column with ""hole"" colors, which would narrow the blocks and create gaps. 

For the bottom right, there's a repeating pattern of colors and black separators. The original colored stripes likely contain black squares indicating their order in the output, where color sequences repeat with symmetry. My hypothesis is that the positions of these black squares determine ordering.

Rule: Unable to determine rule from provided examples",,"The evaluated rule does not provide enough information to determine if it aligns with the ground truth rule, as it states an inability to determine the rule from the provided examples.",Unable to determine rule from provided examples,0,Order.csv
2025-07-15T20:42:29,Order,Order5,1,low,0,parse:rows have unequal length,0,,"**Analyzing image layout**

I’m considering how to adjust the image. Perhaps I should mirror each partition around the vertical axis while keeping the green columns intact. Alternatively, I could try moving each yellow pixel over one section to the right. When I visualize the composite image, it seems there are two rows and four columns. In the top row, I notice an “L” shape, and the bottom row contains two images side by side. I’ll approximate the number of rows as six.
**Examining grid structure**

I’m counting the rows and columns in the image. It seems there are about five rows tall, maybe six in the top-left part where I see green vertical stripes along the columns. These stripes are marking sections of black areas where yellow shapes appear in specific patterns. I think I noticed that the yellow shapes might have swapped segments in the output. Also, it seems like a potential rule could involve mirroring or rotating the grid while keeping the green borders in place. Let’s keep analyzing the top-left and bottom-left images for better insights.
**Interpreting grid transformations**

I’m examining the differences between the top-left and top-right images. It seems like the yellow shapes may have mirrored across the green dividers. The possible transformation rules could involve reflecting yellow pixels around each green column individually. I’m also considering whether there's a 180-degree rotation involved. The arrangement of green stripes looks identical, suggesting symmetry. However, the yellow shapes appear to shift positions or orientations. I need to confirm those patterns further before drawing any conclusions.

Rule: Unable to determine",,"The evaluated rule does not provide enough information to determine if it aligns with the ground truth rule, as it states 'Unable to determine' without specifying any transformation details.",Unable to determine,0,Order.csv
2025-07-15T20:44:25,Order,Order5,2,low,0,parse:rows have unequal length,0,,"**Reasoning about image grids**

I noticed something about the right side of the image result — it seems that some yellows are left or removed, but it’s a bit unclear. I see that the first image has two grids on the left, with each grid colored using one of ten possible colors. They appear larger due to horizontal duplication. There might be a white vertical bar separating original and transformed images, which could account for my perception of multiple duplicates. I'm trying to grasp how each grid might be formatted within the image.
**Analyzing grid patterns**

I’m mentally counting what I see in the image. The top row shows a full green column on the left, followed by a black column, and then more green. This suggests there are four green columns split between two original grids positioned horizontally. The right side mirrors this, indicating two original grids plus their transformations. It looks like the bottom row represents duplicates with slight variations. I suspect that each row corresponds to an original grid paired with its transformed version. I need to derive the underlying patterns and rules from these observations.
**Exploring grid transformation rules**

I'm trying to analyze the grid’s layout and how the patterns transform. It seems there are segments divided by green stripes that could resemble a digital display. I wonder if the transformation rule involves rotating yellow patterns diagonally. In the top-left grid, there’s a yellow diagonal, which seems to shift in the transformed grid. I'm considering how each original segment might mirror its counterpart. The green stripes likely define boundaries, and transformations may involve compressing patterns within column groups. So it looks like original patterns are moved across segments and could even be symmetrically reflected.

Rule: Unable to determine rule and grid from the provided information",,"The evaluated rule does not provide enough information to determine if it captures the essence of the ground truth rule, as it states an inability to determine the rule and grid.",Unable to determine rule and grid from the provided information,0,Order.csv
2025-07-15T20:36:13,Order,Order9,3,low,0,parse:rows have unequal length,0,,"**Analyzing image patterns**

I need to analyze the first image pairs to deduce a rule. The first composite shows a vertical grid on the left, predominantly green with some black horizontal stripes. I think the first grid has black stripes located in the top rows, while the right grid seems similar but with shifted stripes. The black on the right extends further down, and the stripe lengths differ between the two grids. I'll continue examining the specifics, focusing on the row patterns and colors.
**Exploring stripe rules**

I'm considering the possibility that the black stripes in the right grid are shifted down one row compared to the left. Testing this, I notice that the left grid has stripes at certain rows, while the right grid seems to move them down systematically. 

I also wonder if there's a rule about inserting additional stripes for consecutive green segments. As I look deeper, it seems like the stripes in the right grid are generally lower, suggesting a cyclical shift. However, it doesn't appear to be a simple downward shift, and the transformations might involve mirroring or inverting colors.
**Determining stripe transformation rules**

I’m considering a possible rule where the segments between black stripes might dictate the arrangement of stripes. Analyzing the images, I see two pairs in vertical columns, and each has specific black stripe placements. The left appears to show stripes of varying thickness compared to the right. 

I wonder if the transformation shifts the stripes downward, aligning them with the other grid. It seems the rule could also be about inserting new stripes between existing ones. I need to explore this pattern more to clarify the transformation accurately.

Rule: Unable to confidently determine the single transformation rule from the given examples",,"The evaluated rule does not provide enough information to determine if it captures the essence of the ground truth rule, as it states an inability to determine the transformation rule.",Unable to confidently determine the single transformation rule from the given examples,0,Order.csv
2025-07-15T20:56:00,SameDifferent,SameDifferent7,3,low,0,parse:rows have unequal length,0,,"**Analyzing letter shapes**

I see there's a task involving extracting inner letters from shapes with colored backgrounds. I'm thinking it might be related to an ARC task, like one identified by a specific code. The inner shapes are shown against a black background and come in various colors, like green or cyan. 

It's curious there are only two shapes instead of three. Perhaps the third shape’s inner letter is the same color as the outer color, which could explain why it was excluded. I’ll need to clarify this more!
**Examining shape extraction rules**

In this task, I’m noticing they extracted the green and cyan plus shapes, but omitted the yellow C. It makes me wonder why! Perhaps there's a specific rule about only including certain inner shapes. For the next pairs, I’m counting inner shapes and seeing what colors are extracted. 

It seems like there might be a pattern based on the frequency of outer colors. I’ll need to verify which shapes are counted and if they're complementary colors. There might be three main types: plus, C, and square. This analysis could help refine the rules!
**Formulating extraction rules**

I'm considering a rule for multi-color nested shapes: perhaps I should select the innermost shape, particularly if it matches the hole created by the outer shape. The second pair presents outer and inner shapes where I've noticed some couplings, like a blue shape with a magenta G or maroon with a yellow C.

I'll need to focus on the unique outer colors and identify inner colors that don’t match any outer color. This could help explain why certain shapes were extracted, emphasizing the need for clarity as I test these rules with different grids!

Rule: Unable to confidently deduce a consistent transformation rule from the provided examples",,"The evaluated rule does not provide enough information to determine if it captures the essence of the ground truth rule, as it states an inability to deduce a consistent transformation.",Unable to confidently deduce a consistent transformation rule from the provided examples,0,SameDifferent.csv
2025-07-15T21:24:00,TopBottom3D,TopBottom3D1,2,low,0,parse:rows have unequal length,0,,"**Analyzing image pairs**

I'm analyzing the first image pairs where the left grid is the original and the right is transformed. In the first pair, I see a vertical red bar at the center with a blue bar to the right against a black background. The grid seems around 10x10 in size. It looks like the left grid features full height columns. The transformed right grid displays horizontal bars, possibly creating a U-shape with the red and blue colors. I need to think about how the transformation rotates or repositions these bars.
**Examining grid transformations**

Let’s focus on the right top pair first. I notice a red horizontal bar at the top and another at the bottom, with blue framing the edges. It seems the right grid resulted from a 90-degree rotation of the left grid. The left vertical red bar becomes horizontal, and the blue changes position too.

Now moving to the second pair, there’s a yellow horizontal rectangle in the center with green vertical bars at each end. The black background makes details tricky, but I think the left grid has two green squares, along with that prominent yellow rectangle. 

Finally, in the third pair, the left features a magenta vertical bar and an orange horizontal one, while the output swaps their orientation. Pattern-wise, it looks like we're flipping vertical and horizontal arrangements, transposing the color bands.
**Identifying transformation rules**

In the first pair, I’m trying to determine the sizes of the shapes. Red appears larger than blue by area, but in the output, blue seems bigger. It looks like we're swapping colors, with red changing to blue. So, the transformation likely involves swapping non-black colors while leaving black unchanged.

For the second pair, yellow and green colors swapped as expected. The third pair has orange and magenta swapping as well. However, I might have initially thought the big area was orange instead of magenta. Upon closer inspection, the large area appears orange but could also be magenta. 

I’m suspecting the transformation rule might not be just about color swapping. It seems the shapes might be repositioned symmetrically in the output. I’ll summarize that instead of simple color swaps, perhaps the smaller shapes are moved to opposite sides, creating a symmetrical arrangement. So, my transformation rule could involve aligning shapes to create symmetry around a central point.

Rule: Cannot determine with confidence",,"The evaluated rule states that it cannot determine with confidence, which does not provide enough information to assess its correctness relative to the ground truth rule.",Cannot determine with confidence,0,TopBottom3D.csv
2025-07-15T21:29:02,TopBottom3D,TopBottom3D10,3,low,0,parse:rows have unequal length,0,,"**Analyzing geometric transformations**

I'm looking at a design with a green border rectangle and horizontal green bars. There’s a blue square in the top-left, possibly overlapping a black area. I’m unsure if the green rectangle fully touches the left border, as it might leave a black column. 

In another design, there's a large magenta rectangle with a cyan and yellow rectangle inside, alongside vertical bars. The transformed version suggests a movement of the cyan rectangle. I need to focus on examining both pairs closely for deeper insights.
**Examining geometric transformations**

I’m envisioning a design resembling a ruler with a magenta frame at the bottom and black vertical bars inside. At the top middle, there’s a cyan rectangle bridging across, containing yellow. The transformed version suggests the cyan rectangle moves down along black columns, likely following a path until it hits something. 

In the first pair, the blue/red patch starts above the green frame but moves inside it in the final version. This means it’s now nestled within the frame's interior, which raises interesting structural questions about its transition.
**Investigating color transformation rules**

In the first pair, there's a green rectangle with horizontal black bars separated by green lines, but in the transformation, it seems the black bars stay black, which contradicts my initial thought. I can’t physically scan images but can infer from color mapping. For instance, blue might become green, and cyan might become magenta. 

Looking again, it appears that bars in the interior keep their colors while aligning with the shapes’ orientations. I’m concluding that color replication within the stripes depends on the orientation: if the stripes are horizontal, the top stripe follows the color of the patch aligned. When vertical, colors replicate into the segments directly beneath. I suspect there are cases where only a few cells fill with the patch colors in each orientation.
**Clarifying transformation rules**

I’m trying to figure out how to replicate a pattern in the first interior stripe, but there doesn't seem to be an outside patch to work with. Maybe I could consider the outer black area as a patch, but that doesn't feel quite right. Instead, I should think about using the inner green rectangle and project it outward into the stripes. 

This feels a bit tangled, so I might need to conceptualize rather than rely on visuals. I need to come up with a solid rule for transforming the grid, possibly considering an ""identity transformation.""

Rule: Unable to confidently determine a single consistent transformation rule from the two training examples provided.",,"The evaluated rule does not provide enough information to determine if it captures the essence of the ground truth rule, as it states an inability to derive a consistent transformation rule from the examples.",Unable to confidently determine a single consistent transformation rule from the two training examples provided.,0,TopBottom3D.csv
2025-07-15T21:29:30,TopBottom3D,TopBottom3D2,1,low,0,parse:rows have unequal length,0,,"**Analyzing composite image rules**

I'm looking at the first composite image, which shows three pairs of grids: an original on the left and a transformed version on the right. The first pair seems like a 9x9 grid, featuring alternating green and red vertical stripes, with some black squares. It's tricky to analyze, but I might be able to replicate it visually.  

The second pair appears to be 7x7, with yellow stripes in specific columns and blue stripes across certain rows. The transformation on the right simplifies this pattern significantly. I’ll need to think more about how these changes occur.
**Interpreting grid transformations**

Looking at the transformation on the right, it seems to show one yellow stripe in column 4, with a blue horizontal stripe in row 4. This indicates the pattern may be compressing, centering the stripes. For the third pair, the left grid has a horizontal pink stripe in row 2 and a vertical brown one in column 3. The transformed grid keeps the pink stripe while removing the brown. 

I’m considering if the removal rule targets shorter lines or centers colors based on dominance. For the first pair, the left grid has alternating red and green vertical stripes, which may be swapped in orientation on the right. Maybe then, transposing the grids could reveal more about these patterns.
**Evaluating transformation rules**

I'm reconsidering the transformation rules for the grid pairs. The first pair seems to indicate that vertical red and green stripes might be swapped or the positioning altered to center them. I recall that this could align with tasks from the Abstraction and Reasoning Corpus. 

Looking deeper, the transformation may involve averaging positions or prioritizing certain colors based on whether they span the entire grid. For the third pair, it appears the horizontal magenta stripe took precedence over the vertical brown one, suggesting a dominance rule. I need to explore this further to clarify how these transformations apply across the pairs.

Rule: Unable to confidently deduce single consistent transformation rule from provided examples.",,"The evaluated rule does not provide a clear transformation rule that can be directly compared to the ground truth rule, making it difficult to determine equivalence.",Unable to confidently deduce single consistent transformation rule from provided examples.,0,TopBottom3D.csv
2025-07-15T21:24:15,TopBottom3D,TopBottom3D9,1,low,0,parse:rows have unequal length,0,,"**Deducing transformation rules**

I'm looking closely at the first image pair to figure out the transformation. In the top-left, the left grid shows a large green square with blue arms against a black background. The right grid has only a blue block with a black border. I wonder if the transformation picks the most frequent non-black color. 

For the second pair, there's a yellow horizontal bar on the left with red vertical stripes at the bottom. The right keeps the yellow bar but carves out black inner holes. Interesting changes!
**Analyzing pairs for color rules**

In the second pair, I see the red bars on the bottom left and right are gone, leaving a yellow shape that used to span across but has a black gap in the center. The right shows a yellow rectangle with a black hole in the bottom center. I notice this might create a thicker outline.

Moving to the third pair, the cyan expands, possibly keeping colors based on which has a larger bounding box. The blue on the left appears like a car. I’ll keep exploring these color rules in my mind!
**Exploring color transformation rules**

I’m stepping back to consider how colored components might enlarge outward until they touch borders or other colors. In example three, I see a pink square and a cyan rectangle. The transformation on the right expands the cyan rectangle upward, possibly filling in adjacent areas.

For the second image, I need to decide between blue and gray. Observing past pairs, it seems transformations consistently choose one of the two non-black colors. I wonder if there's a pattern based on positioning or overall shape symmetry. It looks like blue integrates elements better in the first example, while yellow stays unchanged in the second. I’ll keep analyzing these details!

Rule: Unable to confidently deduce a single consistent rule from the given training pairs within the provided time and information.",,"The evaluated rule does not provide a clear transformation that can be directly compared to the ground truth rule, making it difficult to determine equivalence.",Unable to confidently deduce a single consistent rule from the given training pairs within the provided time and information.,0,TopBottom3D.csv
